StoreID,StoreName,TotalSales,PercentSales
1,Store A,622253984,33.31171004535726
2,Store B,622865731,33.34445927510765
3,Store C,622853989,33.34383067953509
