CashierId,Name,TotalSales,PercentSales
101,John Doe,466782037,24.988683513073692
102,Jane Smith,467826702,25.044608550870695
103,Alice Johnson,466046524,24.949308601187887
104,Anna Willson,467318441,25.017399334867722
